2026-04-29 23:50:45.408953+00:00,clojure,1.12.4.1629,23.85805892
2026-04-29 23:50:45.408953+00:00,babashka,1.12.217,248.30927886
2026-04-29 23:50:45.408953+00:00,jank,0.1-alpha,133.62
2026-04-30 06:01:04.429004+00:00,clojure,1.12.4.1629,23.11
2026-04-30 06:01:04.429004+00:00,babashka,1.12.217,248.571
2026-04-30 06:01:04.429004+00:00,jank,0.1-alpha,133.3
2026-04-30 18:01:04.527535+00:00,clojure,1.12.4.1629,23.765
2026-04-30 18:01:04.527535+00:00,babashka,1.12.217,248.482
2026-04-30 18:01:04.527535+00:00,jank,0.1-alpha,134.18000000000004
2026-05-01 06:01:00.238765+00:00,clojure,1.12.4.1629,27.167
2026-05-01 06:01:00.238765+00:00,babashka,1.12.217,248.566
2026-05-01 06:01:00.238765+00:00,jank,0.1-alpha,133.62
2026-05-01 18:00:59.144421+00:00,clojure,1.12.4.1629,24.174999999999997
2026-05-01 18:00:59.144421+00:00,babashka,1.12.217,248.596
2026-05-01 18:00:59.144421+00:00,jank,0.1-alpha,134.26
2026-05-02 06:01:16.284182+00:00,clojure,1.12.4.1629,26.355
2026-05-02 06:01:16.284182+00:00,babashka,1.12.217,248.422
2026-05-02 06:01:16.284182+00:00,jank,0.1-alpha,134.41
2026-05-02 18:01:04.950173+00:00,clojure,1.12.4.1629,23.886
2026-05-02 18:01:04.950173+00:00,babashka,1.12.217,248.48999999999998
2026-05-02 18:01:04.950173+00:00,jank,0.1-alpha,134.11
2026-05-03 06:01:16.133446+00:00,clojure,1.12.4.1629,23.066
2026-05-03 06:01:16.133446+00:00,babashka,1.12.217,248.42700000000002
2026-05-03 06:01:16.133446+00:00,jank,0.1-alpha,10.35
2026-05-03 18:01:38.643053+00:00,clojure,1.12.4.1629,23.855999999999998
2026-05-03 18:01:38.643053+00:00,babashka,1.12.217,248.231
2026-05-03 18:01:38.643053+00:00,jank,0.1-alpha,10.35
2026-05-04 06:00:59.895986+00:00,clojure,1.12.4.1629,22.433999999999997
2026-05-04 06:00:59.895986+00:00,babashka,1.12.217,248.382
2026-05-04 06:00:59.895986+00:00,jank,0.1-alpha,10.35
2026-05-04 18:00:59.133386+00:00,clojure,1.12.4.1629,22.439
2026-05-04 18:00:59.133386+00:00,babashka,1.12.217,248.24099999999999
2026-05-04 18:00:59.133386+00:00,jank,0.1-alpha,10.36
2026-05-05 06:01:04.047243+00:00,clojure,1.12.4.1629,22.883
2026-05-05 06:01:04.047243+00:00,babashka,1.12.217,248.316
2026-05-05 06:01:04.047243+00:00,jank,0.1-alpha,10.35
2026-05-05 18:01:06.803038+00:00,clojure,1.12.4.1629,22.450000000000003
2026-05-05 18:01:06.803038+00:00,babashka,1.12.217,248.475
2026-05-05 18:01:06.803038+00:00,jank,0.1-alpha,10.35
2026-05-06 06:00:59.527944+00:00,clojure,1.12.4.1629,23.068
2026-05-06 06:00:59.527944+00:00,babashka,1.12.217,248.35199999999998
2026-05-06 06:00:59.527944+00:00,jank,0.1-alpha,10.36
2026-05-07 06:00:35.129441+00:00,clojure,1.12.4.1629,25.998
2026-05-07 06:00:35.129441+00:00,babashka,1.12.217,248.351
2026-05-07 06:00:35.129441+00:00,jank,0.1-alpha,10.35
2026-05-08 06:00:29.559788+00:00,clojure,1.12.4.1629,24.954
2026-05-08 06:00:29.559788+00:00,babashka,1.12.217,248.364
2026-05-08 06:00:29.559788+00:00,jank,0.1-alpha,10.35
2026-05-09 06:00:29.772799+00:00,clojure,1.12.4.1629,22.943
2026-05-09 06:00:29.772799+00:00,babashka,1.12.217,248.451
2026-05-09 06:00:29.772799+00:00,jank,0.1-alpha,10.35
2026-05-10 06:00:30.159489+00:00,clojure,1.12.4.1629,22.753
2026-05-10 06:00:30.159489+00:00,babashka,1.12.217,248.349
2026-05-10 06:00:30.159489+00:00,jank,0.1-alpha,10.35
2026-05-11 06:01:08.495446+00:00,clojure,1.12.4.1629,23.854
2026-05-11 06:01:08.495446+00:00,babashka,1.12.217,248.416
2026-05-11 06:01:08.495446+00:00,jank,0.1-alpha,10.35
2026-05-12 06:00:32.913288+00:00,clojure,1.12.4.1629,23.037
2026-05-12 06:00:32.913288+00:00,babashka,1.12.217,248.364
2026-05-12 06:00:32.913288+00:00,jank,0.1-alpha,10.35
2026-05-12 18:15:20.277597+00:00,clojure,1.12.4.1629,23.496
2026-05-12 18:15:20.277597+00:00,babashka,1.12.218,242.66
2026-05-12 18:15:20.277597+00:00,jank,0.1-alpha,10.35
2026-05-13 06:00:35.643469+00:00,clojure,1.12.4.1629,23.855999999999998
2026-05-13 06:00:35.643469+00:00,babashka,1.12.218,242.54500000000002
2026-05-13 06:00:35.643469+00:00,jank,0.1-alpha,7.96
2026-05-14 06:00:30.775928+00:00,clojure,1.12.4.1629,22.948
2026-05-14 06:00:30.775928+00:00,babashka,1.12.218,244.418
2026-05-14 06:00:30.775928+00:00,jank,0.1-alpha,7.96
2026-05-15 06:00:30.016536+00:00,clojure,1.12.4.1629,23.351
2026-05-15 06:00:30.016536+00:00,babashka,1.12.218,242.572
2026-05-15 06:00:30.016536+00:00,jank,0.1-alpha,7.96
2026-05-16 06:00:29.755443+00:00,clojure,1.12.4.1629,22.435
2026-05-16 06:00:29.755443+00:00,babashka,1.12.218,242.751
2026-05-16 06:00:29.755443+00:00,jank,0.1-alpha,7.96
2026-05-17 06:00:33.856129+00:00,clojure,1.12.5.1638,23.036
2026-05-17 06:00:33.856129+00:00,babashka,1.12.218,242.848
2026-05-17 06:00:33.856129+00:00,jank,0.1-alpha,7.96
2026-05-21 19:16:30.403255+00:00,clojure,1.12.5.1638,22.881999999999998
2026-05-21 19:16:30.403255+00:00,babashka,1.12.218,242.63899999999998
2026-05-21 19:16:30.403255+00:00,jank,0.1-alpha,7.96
2026-05-22 06:00:29.417422+00:00,clojure,1.12.5.1638,22.323
2026-05-22 06:00:29.417422+00:00,babashka,1.12.218,242.826
2026-05-22 06:00:29.417422+00:00,jank,0.1-alpha,7.96
2026-05-23 06:00:57.079356+00:00,clojure,1.12.5.1645,27.659
2026-05-23 06:00:57.079356+00:00,babashka,1.12.218,253.73499999999999
2026-05-23 06:00:57.079356+00:00,jank,0.1-alpha,7.96
2026-05-24 06:00:40.365627+00:00,clojure,1.12.5.1645,23.302
2026-05-24 06:00:40.365627+00:00,babashka,1.12.218,254.69199999999998
2026-05-24 06:00:40.365627+00:00,jank,0.1-alpha,7.96
2026-05-25 06:01:16.495900+00:00,clojure,1.12.5.1645,22.944
2026-05-25 06:01:16.495900+00:00,babashka,1.12.218,254.778
2026-05-25 06:01:16.495900+00:00,jank,0.1-alpha,7.96
2026-05-26 06:00:38.115220+00:00,clojure,1.12.5.1645,23.542
2026-05-26 06:00:38.115220+00:00,babashka,1.12.218,254.22699999999998
2026-05-26 06:00:38.115220+00:00,jank,0.1-alpha,7.96
2026-05-29 03:05:40.641777+00:00,clojure,1.12.5.1645,23.335
2026-05-29 03:05:40.641777+00:00,babashka,1.12.218,251.291
2026-05-29 03:05:40.641777+00:00,jank,0.1-alpha,7.963518450000002
2026-05-29 06:00:31.794696+00:00,clojure,1.12.5.1645,23.854
2026-05-29 06:00:31.794696+00:00,babashka,1.12.218,254.531
2026-05-29 06:00:31.794696+00:00,jank,0.1-alpha,8.00833506
2026-05-30 06:00:30.653406+00:00,clojure,1.12.5.1645,24.503
2026-05-30 06:00:30.653406+00:00,babashka,1.12.218,255.008
2026-05-30 06:00:30.653406+00:00,jank,0.1-alpha,7.962994289999999
2026-05-31 06:00:25.788966+00:00,clojure,1.12.5.1645,23.957
2026-05-31 06:00:25.788966+00:00,babashka,1.12.218,254.90600000000003
2026-05-31 06:00:25.788966+00:00,jank,0.1-alpha,7.963182540000001
2026-06-01 06:30:33.658587+00:00,clojure,1.12.5.1645,22.879
2026-06-01 06:30:33.658587+00:00,babashka,1.12.218,253.652
2026-06-01 06:30:33.658587+00:00,jank,0.1-alpha,7.96438312
2026-06-02 06:30:47.190933+00:00,clojure,1.12.5.1654,22.924
2026-06-02 06:30:47.190933+00:00,babashka,1.12.218,253.24200000000002
2026-06-02 06:30:47.190933+00:00,jank,0.1-alpha,7.9643001799999995
2026-06-03 06:30:28.373189+00:00,clojure,1.12.5.1654,25.456
2026-06-03 06:30:28.373189+00:00,babashka,1.12.218,253.934
2026-06-03 06:30:28.373189+00:00,jank,0.1-alpha,7.963134779999995
2026-06-04 06:30:28.673088+00:00,clojure,1.12.5.1654,23.841
2026-06-04 06:30:28.673088+00:00,babashka,1.12.218,252.01299999999998
2026-06-04 06:30:28.673088+00:00,jank,0.1-alpha,7.964513820000001
2026-06-05 06:30:35.356154+00:00,clojure,1.12.5.1654,22.654
2026-06-05 06:30:35.356154+00:00,babashka,1.12.218,253.84400000000002
2026-06-05 06:30:35.356154+00:00,jank,0.1-alpha,7.964150800000001
2026-06-06 06:30:33.928263+00:00,clojure,1.12.5.1654,23.105
2026-06-06 06:30:33.928263+00:00,babashka,1.12.218,253.569
2026-06-06 06:30:33.928263+00:00,jank,0.1-alpha,7.96343947
2026-06-07 06:30:28.238623+00:00,clojure,1.12.5.1654,23.189999999999998
2026-06-07 06:30:28.238623+00:00,babashka,1.12.218,252.63200000000003
2026-06-07 06:30:28.238623+00:00,jank,0.1-alpha,7.962385619999998
2026-06-08 06:31:23.626700+00:00,clojure,1.12.5.1654,23.573
2026-06-08 06:31:23.626700+00:00,babashka,1.12.218,252.791
2026-06-08 06:31:23.626700+00:00,jank,0.1-alpha,7.96462412
2026-06-09 06:30:28.538124+00:00,clojure,1.12.5.1654,22.805
2026-06-09 06:30:28.538124+00:00,babashka,1.12.218,253.98700000000002
2026-06-09 06:30:28.538124+00:00,jank,0.1-alpha,8.02305391
2026-06-10 06:30:33.261348+00:00,clojure,1.12.5.1654,22.641000000000002
2026-06-10 06:30:33.261348+00:00,babashka,1.12.218,252.612
2026-06-10 06:30:33.261348+00:00,jank,0.1-alpha,7.96447011
2026-06-11 06:30:28.647458+00:00,clojure,1.12.5.1654,23.319
2026-06-11 06:30:28.647458+00:00,babashka,1.12.218,251.73800000000003
2026-06-11 06:30:28.647458+00:00,jank,0.1-alpha,7.963817040000001
2026-06-12 06:30:38.168932+00:00,clojure,1.12.5.1654,23.539
2026-06-12 06:30:38.168932+00:00,babashka,1.12.218,253.419
2026-06-12 06:30:38.168932+00:00,jank,0.1-alpha,7.96414277
2026-06-13 06:30:28.278126+00:00,clojure,1.12.5.1654,26.354
2026-06-13 06:30:28.278126+00:00,babashka,1.12.218,253.8
2026-06-13 06:30:28.278126+00:00,jank,0.1-alpha,7.964082389999998
2026-06-14 06:30:28.189088+00:00,clojure,1.12.5.1654,23.744999999999997
2026-06-14 06:30:28.189088+00:00,babashka,1.12.218,253.18699999999998
2026-06-14 06:30:28.189088+00:00,jank,0.1-alpha,7.964590939999997
2026-06-15 06:31:16.933803+00:00,clojure,1.12.5.1654,22.99
2026-06-15 06:31:16.933803+00:00,babashka,1.12.218,253.75799999999998
2026-06-15 06:31:16.933803+00:00,jank,0.1-alpha,7.9646275
2026-06-16 06:30:28.920044+00:00,clojure,1.12.5.1654,24.56
2026-06-16 06:30:28.920044+00:00,babashka,1.12.218,253.711
2026-06-16 06:30:28.920044+00:00,jank,0.1-alpha,7.9639641999999995
2026-06-17 06:30:42.096655+00:00,clojure,1.12.5.1654,22.879
2026-06-17 06:30:42.096655+00:00,babashka,1.12.218,253.27300000000002
2026-06-17 06:30:42.096655+00:00,jank,0.1-alpha,7.963892139999998
2026-06-18 06:30:39.200384+00:00,clojure,1.12.5.1654,23.272000000000002
2026-06-18 06:30:39.200384+00:00,babashka,1.12.218,253.294
2026-06-18 06:30:39.200384+00:00,jank,0.1-alpha,7.964299740000001
2026-06-19 06:30:34.118342+00:00,clojure,1.12.5.1654,23.851
2026-06-19 06:30:34.118342+00:00,babashka,1.12.218,253.52400000000003
2026-06-19 06:30:34.118342+00:00,jank,0.1-alpha,7.962665449999999
2026-06-20 06:30:31.446989+00:00,clojure,1.12.5.1654,25.610999999999997
2026-06-20 06:30:31.446989+00:00,babashka,1.12.218,253.46699999999998
2026-06-20 06:30:31.446989+00:00,jank,0.1-alpha,7.96411457
2026-06-21 06:30:43.724069+00:00,clojure,1.12.5.1654,25.816
2026-06-21 06:30:43.724069+00:00,babashka,1.12.218,253.66300000000004
2026-06-21 06:30:43.724069+00:00,jank,0.1-alpha,7.970099220000004
2026-06-22 06:31:16.473652+00:00,clojure,1.12.5.1654,22.879
2026-06-22 06:31:16.473652+00:00,babashka,1.12.218,252.98100000000002
2026-06-22 06:31:16.473652+00:00,jank,0.1-alpha,7.964537840000001
2026-06-23 06:30:35.236049+00:00,clojure,1.12.5.1654,22.639
2026-06-23 06:30:35.236049+00:00,babashka,1.12.218,253.96600000000004
2026-06-23 06:30:35.236049+00:00,jank,0.1-alpha,7.96531447
2026-06-24 06:30:34.372814+00:00,clojure,1.12.5.1654,22.630999999999997
2026-06-24 06:30:34.372814+00:00,babashka,1.12.218,253.648
2026-06-24 06:30:34.372814+00:00,jank,0.1-alpha,7.96443076
2026-06-25 06:30:35.230141+00:00,clojure,1.12.5.1654,23.854
2026-06-25 06:30:35.230141+00:00,babashka,1.12.218,253.72299999999998
2026-06-25 06:30:35.230141+00:00,jank,0.1-alpha,7.964350360000004
2026-06-26 06:30:35.217444+00:00,clojure,1.12.5.1654,23.061
2026-06-26 06:30:35.217444+00:00,babashka,1.12.218,253.745
2026-06-26 06:30:35.217444+00:00,jank,0.1-alpha,7.964141100000003
2026-06-27 06:31:09.831583+00:00,clojure,1.12.5.1654,27.474999999999998
2026-06-27 06:31:09.831583+00:00,babashka,1.12.218,241.431
2026-06-27 06:31:09.831583+00:00,jank,0.1-alpha,7.964427929999997
2026-06-28 06:30:34.911749+00:00,clojure,1.12.5.1654,22.872
2026-06-28 06:30:34.911749+00:00,babashka,1.12.218,241.10799999999998
2026-06-28 06:30:34.911749+00:00,jank,0.1-alpha,7.964454549999998
2026-06-29 06:31:35.766036+00:00,clojure,1.12.5.1654,23.078999999999997
2026-06-29 06:31:35.766036+00:00,babashka,1.12.218,241.846
2026-06-29 06:31:35.766036+00:00,jank,0.1-alpha,7.964469600000001
2026-06-30 06:30:45.851392+00:00,clojure,1.12.5.1654,24.503
2026-06-30 06:30:45.851392+00:00,babashka,1.12.218,242.285
2026-06-30 06:30:45.851392+00:00,jank,0.1-alpha,7.963876200000002
2026-07-01 06:30:34.770805+00:00,clojure,1.12.5.1654,23.189999999999998
2026-07-01 06:30:34.770805+00:00,babashka,1.12.218,244.326
2026-07-01 06:30:34.770805+00:00,jank,0.1-alpha,7.965833239999996
2026-07-02 06:30:34.977803+00:00,clojure,1.12.5.1654,23.244
2026-07-02 06:30:34.977803+00:00,babashka,1.12.218,241.145
2026-07-02 06:30:34.977803+00:00,jank,0.1-alpha,7.965925029999999
2026-07-03 06:30:34.903751+00:00,clojure,1.12.5.1654,23.913
2026-07-03 06:30:34.903751+00:00,babashka,1.12.218,241.15800000000002
2026-07-03 06:30:34.903751+00:00,jank,0.1-alpha,7.9645017
2026-07-04 06:30:43.741721+00:00,clojure,1.12.5.1654,23.085
2026-07-04 06:30:43.741721+00:00,babashka,1.12.218,242.19199999999998
2026-07-04 06:30:43.741721+00:00,jank,0.1-alpha,7.964019509999996
2026-07-05 06:30:34.139127+00:00,clojure,1.12.5.1654,23.136
2026-07-05 06:30:34.139127+00:00,babashka,1.12.218,241.79600000000002
2026-07-05 06:30:34.139127+00:00,jank,0.1-alpha,7.981645459999999
2026-07-06 06:32:05.630291+00:00,clojure,1.12.5.1654,25.72
2026-07-06 06:32:05.630291+00:00,babashka,1.12.218,242.524
2026-07-06 06:32:05.630291+00:00,jank,0.1-alpha,7.964540170000003
2026-07-07 06:30:32.447936+00:00,clojure,1.12.5.1654,29.331
2026-07-07 06:30:32.447936+00:00,babashka,1.12.218,242.62300000000002
2026-07-07 06:30:32.447936+00:00,jank,0.1-alpha,7.9636677399999956
2026-07-08 06:30:36.086297+00:00,clojure,1.12.5.1654,23.46
2026-07-08 06:30:36.086297+00:00,babashka,1.12.218,242.066
2026-07-08 06:30:36.086297+00:00,jank,0.1-alpha,7.96394745
2026-07-09 06:30:34.437521+00:00,clojure,1.12.5.1654,23.133
2026-07-09 06:30:34.437521+00:00,babashka,1.12.218,243.327
2026-07-09 06:30:34.437521+00:00,jank,0.1-alpha,7.962572140000001
2026-07-10 06:30:34.497205+00:00,clojure,1.12.5.1654,23.355
2026-07-10 06:30:34.497205+00:00,babashka,1.12.218,241.47
2026-07-10 06:30:34.497205+00:00,jank,0.1-alpha,7.963948070000001
2026-07-11 06:30:52.133168+00:00,clojure,1.12.5.1654,22.936
2026-07-11 06:30:52.133168+00:00,babashka,1.12.218,243.876
2026-07-11 06:30:52.133168+00:00,jank,0.1-alpha,7.9643583399999995
2026-07-12 06:30:37.048652+00:00,clojure,1.12.5.1654,23.051
2026-07-12 06:30:37.048652+00:00,babashka,1.12.218,244.29899999999998
2026-07-12 06:30:37.048652+00:00,jank,0.1-alpha,7.965107139999999
2026-07-13 06:31:19.310446+00:00,clojure,1.12.5.1654,22.75
2026-07-13 06:31:19.310446+00:00,babashka,1.12.218,244.361
2026-07-13 06:31:19.310446+00:00,jank,0.1-alpha,7.965238399999998
2026-07-14 06:30:28.978743+00:00,clojure,1.12.5.1654,23.921000000000003
2026-07-14 06:30:28.978743+00:00,babashka,1.12.218,243.685
2026-07-14 06:30:28.978743+00:00,jank,0.1-alpha,7.962971570000003
2026-07-15 06:31:03.100822+00:00,clojure,1.12.5.1654,23.049
2026-07-15 06:31:03.100822+00:00,babashka,1.12.218,244.541
2026-07-15 06:31:03.100822+00:00,jank,0.1-alpha,7.964856639999999
2026-07-16 06:30:34.235295+00:00,clojure,1.12.5.1654,22.755000000000003
2026-07-16 06:30:34.235295+00:00,babashka,1.12.218,245.28900000000002
2026-07-16 06:30:34.235295+00:00,jank,0.1-alpha,7.9656225700000025
2026-07-17 06:30:38.394454+00:00,clojure,1.12.5.1654,23.055
2026-07-17 06:30:38.394454+00:00,babashka,1.12.218,243.369
2026-07-17 06:30:38.394454+00:00,jank,0.1-alpha,7.9642102199999965
2026-07-18 06:30:29.107305+00:00,clojure,1.12.5.1654,23.121
2026-07-18 06:30:29.107305+00:00,babashka,1.12.218,243.87
2026-07-18 06:30:29.107305+00:00,jank,0.1-alpha,7.962947569999998
2026-07-19 06:30:45.567637+00:00,clojure,1.12.5.1654,23.858
2026-07-19 06:30:45.567637+00:00,babashka,1.12.218,244.03900000000002
2026-07-19 06:30:45.567637+00:00,jank,0.1-alpha,7.9644343300000005
2026-07-20 06:31:26.375133+00:00,clojure,1.12.5.1654,22.93
2026-07-20 06:31:26.375133+00:00,babashka,1.12.218,243.703
2026-07-20 06:31:26.375133+00:00,jank,0.1-alpha,7.963995399999998
2026-07-21 06:30:45.430156+00:00,clojure,1.12.5.1654,23.112000000000002
2026-07-21 06:30:45.430156+00:00,babashka,1.12.218,243.536
2026-07-21 06:30:45.430156+00:00,jank,0.1-alpha,7.962917930000002
2026-07-22 06:30:32.404512+00:00,clojure,1.12.5.1654,23.384999999999998
2026-07-22 06:30:32.404512+00:00,babashka,1.12.218,243.826
2026-07-22 06:30:32.404512+00:00,jank,0.1-alpha,7.9626531699999985
2026-07-23 06:30:32.659855+00:00,clojure,1.12.5.1654,22.805
2026-07-23 06:30:32.659855+00:00,babashka,1.12.218,243.398
2026-07-23 06:30:32.659855+00:00,jank,0.1-alpha,7.963819870000001
2026-07-24 06:30:50.739129+00:00,clojure,1.12.5.1654,23.488
2026-07-24 06:30:50.739129+00:00,babashka,1.12.218,241.07600000000002
2026-07-24 06:30:50.739129+00:00,jank,0.1-alpha,7.963100410000002
2026-07-25 06:30:28.727113+00:00,clojure,1.12.5.1654,23.335
2026-07-25 06:30:28.727113+00:00,babashka,1.12.218,241.07799999999997
2026-07-25 06:30:28.727113+00:00,jank,0.1-alpha,7.965098589999998
2026-07-26 06:30:34.709854+00:00,clojure,1.12.5.1654,23.064999999999998
2026-07-26 06:30:34.709854+00:00,babashka,1.12.218,241.15300000000002
2026-07-26 06:30:34.709854+00:00,jank,0.1-alpha,7.963320119999999
2026-07-27 06:31:36.549848+00:00,clojure,1.12.5.1654,23.109
2026-07-27 06:31:36.549848+00:00,babashka,1.12.218,241.574
2026-07-27 06:31:36.549848+00:00,jank,0.1-alpha,7.964133829999999
2026-07-28 06:30:35.339141+00:00,clojure,1.12.5.1654,26.14
2026-07-28 06:30:35.339141+00:00,babashka,1.12.218,241.072
2026-07-28 06:30:35.339141+00:00,jank,0.1-alpha,7.964451630000001
2026-07-29 06:30:34.768942+00:00,clojure,1.12.5.1654,23.507
2026-07-29 06:30:34.768942+00:00,babashka,1.12.218,241.074
2026-07-29 06:30:34.768942+00:00,jank,0.1-alpha,7.963061360000003
2026-07-30 06:30:39.760546+00:00,clojure,1.12.5.1654,22.944
2026-07-30 06:30:39.760546+00:00,babashka,1.12.218,241.46
2026-07-30 06:30:39.760546+00:00,jank,0.1-alpha,7.9647499999999996
2026-07-31 06:30:39.649495+00:00,clojure,1.12.5.1654,24.32
2026-07-31 06:30:39.649495+00:00,babashka,1.12.218,241.07999999999998
2026-07-31 06:30:39.649495+00:00,jank,0.1-alpha,8.250904
2026-08-01 06:30:51.576846+00:00,clojure,1.12.5.1654,22.9
2026-08-01 06:30:51.576846+00:00,babashka,1.12.218,241.096
2026-08-01 06:30:51.576846+00:00,jank,0.1-alpha,8.251448
2026-08-02 06:30:56.053342+00:00,clojure,1.12.5.1654,22.641000000000002
2026-08-02 06:30:56.053342+00:00,babashka,1.12.218,242.01
2026-08-02 06:30:56.053342+00:00,jank,0.1-alpha,8.247727
2026-08-03 06:31:29.647408+00:00,clojure,1.12.5.1654,22.943
2026-08-03 06:31:29.647408+00:00,babashka,1.12.218,241.16000000000003
2026-08-03 06:31:29.647408+00:00,jank,0.1-alpha,8.248878
2026-08-03 17:47:00.821328+00:00,clojure,1.12.5.1664,23.113000000000003
2026-08-03 17:47:00.821328+00:00,babashka,1.12.218,240.96699999999998
2026-08-03 17:47:00.821328+00:00,jank,0.1-alpha,8.247919090000002
2026-08-04 06:30:32.694673+00:00,clojure,1.12.5.1664,24.477
2026-08-04 06:30:32.694673+00:00,babashka,1.12.218,241.176
2026-08-04 06:30:32.694673+00:00,jank,0.1-alpha,8.24910194
2026-08-05 06:30:43.364894+00:00,clojure,1.12.5.1664,23.34
2026-08-05 06:30:43.364894+00:00,babashka,1.13.219,265.044
2026-08-05 06:30:43.364894+00:00,jank,0.1-alpha,8.249487049999999
2026-08-06 06:30:33.082669+00:00,clojure,1.12.5.1664,22.953999999999997
2026-08-06 06:30:33.082669+00:00,babashka,1.13.219,264.926
2026-08-06 06:30:33.082669+00:00,jank,0.1-alpha,8.251808819999999
2026-08-07 06:30:41.987425+00:00,clojure,1.12.5.1664,23.241999999999997
2026-08-07 06:30:41.987425+00:00,babashka,1.13.219,264.918
2026-08-07 06:30:41.987425+00:00,jank,0.1-alpha,8.249602739999997
2026-08-08 06:30:29.582459+00:00,clojure,1.12.5.1664,25.454
2026-08-08 06:30:29.582459+00:00,babashka,1.13.219,264.927
2026-08-08 06:30:29.582459+00:00,jank,0.1-alpha,8.25019254
2026-08-09 06:30:38.646836+00:00,clojure,1.12.5.1664,23.347
2026-08-09 06:30:38.646836+00:00,babashka,1.13.219,264.898
2026-08-09 06:30:38.646836+00:00,jank,0.1-alpha,8.262134759999999
2026-08-10 06:31:28.749664+00:00,clojure,1.12.5.1664,22.637999999999998
2026-08-10 06:31:28.749664+00:00,babashka,1.13.219,265.038
2026-08-10 06:31:28.749664+00:00,jank,0.1-alpha,8.248502190000002
2026-08-11 06:30:44.332505+00:00,clojure,1.12.5.1664,25.402
2026-08-11 06:30:44.332505+00:00,babashka,1.13.219,264.907
2026-08-11 06:30:44.332505+00:00,jank,0.1-alpha,8.250181979999999
2026-08-12 06:30:44.607916+00:00,clojure,1.12.5.1664,23.504
2026-08-12 06:30:44.607916+00:00,babashka,1.13.219,265.01599999999996
2026-08-12 06:30:44.607916+00:00,jank,0.1-alpha,8.248169609999998
2026-08-13 06:31:26.536321+00:00,clojure,1.12.5.1664,24.895
2026-08-13 06:31:26.536321+00:00,babashka,1.13.219,253.323
2026-08-13 06:31:26.536321+00:00,jank,0.1-alpha,8.25043531
2026-08-14 06:30:48.560048+00:00,clojure,1.12.5.1664,23.945
2026-08-14 06:30:48.560048+00:00,babashka,1.13.219,253.32399999999998
2026-08-14 06:30:48.560048+00:00,jank,0.1-alpha,8.249988259999995
2026-08-15 06:30:39.634580+00:00,clojure,1.12.5.1664,23.93
2026-08-15 06:30:39.634580+00:00,babashka,1.13.219,253.25599999999997
2026-08-15 06:30:39.634580+00:00,jank,0.1-alpha,8.251069839999998
2026-08-19 06:31:00.082904+00:00,clojure,1.12.5.1664,26.311999999999998
2026-08-19 06:31:00.082904+00:00,babashka,1.13.219,253.40800000000002
2026-08-19 06:31:00.082904+00:00,jank,0.1-alpha,8.263706420000002
2026-08-20 06:30:56.592128+00:00,clojure,1.12.5.1664,23.352
2026-08-20 06:30:56.592128+00:00,babashka,1.13.219,253.32500000000002
2026-08-20 06:30:56.592128+00:00,jank,0.1-alpha,8.248884729999997
2026-08-21 06:30:40.954119+00:00,clojure,1.12.5.1664,25.465
2026-08-21 06:30:40.954119+00:00,babashka,1.13.219,253.37599999999998
2026-08-21 06:30:40.954119+00:00,jank,0.1-alpha,8.25055953
2026-08-22 06:30:39.750999+00:00,clojure,1.12.5.1664,23.498
2026-08-22 06:30:39.750999+00:00,babashka,1.13.219,253.295
2026-08-22 06:30:39.750999+00:00,jank,0.1-alpha,8.249894700000002
2026-08-23 06:30:54.468424+00:00,clojure,1.12.5.1664,23.34
2026-08-23 06:30:54.468424+00:00,babashka,1.13.219,247.859
2026-08-23 06:30:54.468424+00:00,jank,0.1-alpha,8.250340989999998
2026-08-24 06:31:26.103590+00:00,clojure,1.12.5.1664,27.529
2026-08-24 06:31:26.103590+00:00,babashka,1.13.219,247.846
2026-08-24 06:31:26.103590+00:00,jank,0.1-alpha,8.249837739999998
2026-08-25 06:30:54.071684+00:00,clojure,1.12.5.1664,22.741999999999997
2026-08-25 06:30:54.071684+00:00,babashka,1.13.219,246.121
2026-08-25 06:30:54.071684+00:00,jank,0.1-alpha,8.251141439999998
2026-08-26 06:30:40.938914+00:00,clojure,1.12.5.1664,23.064999999999998
2026-08-26 06:30:40.938914+00:00,babashka,1.13.219,246.138
2026-08-26 06:30:40.938914+00:00,jank,0.1-alpha,8.25135665
2026-08-27 06:30:40.283888+00:00,clojure,1.12.5.1664,23.931
2026-08-27 06:30:40.283888+00:00,babashka,1.13.219,246.226
2026-08-27 06:30:40.283888+00:00,jank,0.1-alpha,8.250565689999997
2026-08-28 06:31:12.786498+00:00,clojure,1.12.5.1664,24.445
2026-08-28 06:31:12.786498+00:00,babashka,1.13.219,252.326
2026-08-28 06:31:12.786498+00:00,jank,0.1-alpha,8.250982689999999
