2026-04-26 20:05:59.788927+00:00,clojure,1.12.4.1629,4.755416
2026-04-26 20:05:59.788927+00:00,babashka,1.12.217,246.13911
2026-04-26 20:05:59.788927+00:00,jank,0.1-alpha,202.277173
2026-04-27 06:01:05.414934+00:00,clojure,1.12.4.1629,4.754917
2026-04-27 06:01:05.414934+00:00,babashka,1.12.217,245.878596
2026-04-27 06:01:05.414934+00:00,jank,0.1-alpha,203.293029
2026-04-27 18:01:21.326408+00:00,clojure,1.12.4.1629,4.761354
2026-04-27 18:01:21.326408+00:00,babashka,1.12.217,246.120237
2026-04-27 18:01:21.326408+00:00,jank,0.1-alpha,202.886702
2026-04-28 06:01:20.237149+00:00,clojure,1.12.4.1629,4.841448
2026-04-28 06:01:20.237149+00:00,babashka,1.12.217,245.858387
2026-04-28 06:01:20.237149+00:00,jank,0.1-alpha,450.050216
2026-04-28 18:01:12.474465+00:00,clojure,1.12.4.1629,4.958849
2026-04-28 18:01:12.474465+00:00,babashka,1.12.217,245.86062
2026-04-28 18:01:12.474465+00:00,jank,0.1-alpha,449.826215
2026-04-29 06:01:04.734577+00:00,clojure,1.12.4.1629,4.761095
2026-04-29 06:01:04.734577+00:00,babashka,1.12.217,245.966858
2026-04-29 06:01:04.734577+00:00,jank,0.1-alpha,448.389965
2026-04-29 18:01:02.299188+00:00,clojure,1.12.4.1629,4.764428
2026-04-29 18:01:02.299188+00:00,babashka,1.12.217,246.501209
2026-04-29 18:01:02.299188+00:00,jank,0.1-alpha,448.078098
2026-04-29 20:00:45.777301+00:00,clojure,1.12.4.1629,4.77951
2026-04-29 20:00:45.777301+00:00,babashka,1.12.217,246.036089
2026-04-29 20:00:45.777301+00:00,jank,0.1-alpha,449.061776
2026-04-29 21:29:44.277707+00:00,clojure,1.12.4.1629,9.058359
2026-04-29 21:29:44.277707+00:00,babashka,1.12.217,246.220011
2026-04-29 21:29:44.277707+00:00,jank,0.1-alpha,127.777911
2026-04-29 23:35:08.005831+00:00,clojure,1.12.4.1629,23.26646052
2026-04-29 23:35:08.005831+00:00,babashka,1.12.217,248.21593134
2026-04-29 23:35:08.005831+00:00,jank,0.1-alpha,135.63
