2026-06-01 06:30:33.658587+00:00,clojure,1.12.5.1645,5.38
2026-06-01 06:30:33.658587+00:00,babashka,1.12.218,31.767999999999997
2026-06-01 06:30:33.658587+00:00,jank,0.1-alpha,5.965727740000001
2026-06-02 06:30:47.190933+00:00,clojure,1.12.5.1654,5.507
2026-06-02 06:30:47.190933+00:00,babashka,1.12.218,31.743000000000002
2026-06-02 06:30:47.190933+00:00,jank,0.1-alpha,5.966502010000001
2026-06-03 06:30:28.373189+00:00,clojure,1.12.5.1654,5.4159999999999995
2026-06-03 06:30:28.373189+00:00,babashka,1.12.218,31.735
2026-06-03 06:30:28.373189+00:00,jank,0.1-alpha,6.0435984
2026-06-04 06:30:28.673088+00:00,clojure,1.12.5.1654,5.539
2026-06-04 06:30:28.673088+00:00,babashka,1.12.218,31.683999999999997
2026-06-04 06:30:28.673088+00:00,jank,0.1-alpha,5.966796170000002
2026-06-05 06:30:35.356154+00:00,clojure,1.12.5.1654,5.414000000000001
2026-06-05 06:30:35.356154+00:00,babashka,1.12.218,31.662999999999997
2026-06-05 06:30:35.356154+00:00,jank,0.1-alpha,5.404210759999997
2026-06-06 06:30:33.928263+00:00,clojure,1.12.5.1654,5.590000000000001
2026-06-06 06:30:33.928263+00:00,babashka,1.12.218,31.739000000000004
2026-06-06 06:30:33.928263+00:00,jank,0.1-alpha,5.403717140000002
2026-06-07 06:30:28.238623+00:00,clojure,1.12.5.1654,5.569
2026-06-07 06:30:28.238623+00:00,babashka,1.12.218,31.671
2026-06-07 06:30:28.238623+00:00,jank,0.1-alpha,5.406608149999999
2026-06-08 06:31:23.626700+00:00,clojure,1.12.5.1654,5.494
2026-06-08 06:31:23.626700+00:00,babashka,1.12.218,31.761999999999997
2026-06-08 06:31:23.626700+00:00,jank,0.1-alpha,5.40495561
2026-06-09 06:30:28.538124+00:00,clojure,1.12.5.1654,5.478000000000001
2026-06-09 06:30:28.538124+00:00,babashka,1.12.218,31.761999999999997
2026-06-09 06:30:28.538124+00:00,jank,0.1-alpha,5.408219730000001
2026-06-10 06:30:33.261348+00:00,clojure,1.12.5.1654,5.532
2026-06-10 06:30:33.261348+00:00,babashka,1.12.218,31.68
2026-06-10 06:30:33.261348+00:00,jank,0.1-alpha,5.403003090000001
2026-06-11 06:30:28.647458+00:00,clojure,1.12.5.1654,5.454
2026-06-11 06:30:28.647458+00:00,babashka,1.12.218,31.682000000000002
2026-06-11 06:30:28.647458+00:00,jank,0.1-alpha,5.406359169999999
2026-06-12 06:30:38.168932+00:00,clojure,1.12.5.1654,5.524
2026-06-12 06:30:38.168932+00:00,babashka,1.12.218,31.676000000000002
2026-06-12 06:30:38.168932+00:00,jank,0.1-alpha,5.4029119800000025
2026-06-13 06:30:28.278126+00:00,clojure,1.12.5.1654,5.623
2026-06-13 06:30:28.278126+00:00,babashka,1.12.218,31.794999999999998
2026-06-13 06:30:28.278126+00:00,jank,0.1-alpha,5.404445710000001
2026-06-14 06:30:28.189088+00:00,clojure,1.12.5.1654,5.486000000000001
2026-06-14 06:30:28.189088+00:00,babashka,1.12.218,31.687
2026-06-14 06:30:28.189088+00:00,jank,0.1-alpha,5.39967427
2026-06-15 06:31:16.933803+00:00,clojure,1.12.5.1654,5.677
2026-06-15 06:31:16.933803+00:00,babashka,1.12.218,31.652
2026-06-15 06:31:16.933803+00:00,jank,0.1-alpha,5.259158000000001
2026-06-16 06:30:28.920044+00:00,clojure,1.12.5.1654,5.8500000000000005
2026-06-16 06:30:28.920044+00:00,babashka,1.12.218,31.71
2026-06-16 06:30:28.920044+00:00,jank,0.1-alpha,5.2606768100000005
2026-06-17 06:30:42.096655+00:00,clojure,1.12.5.1654,5.332
2026-06-17 06:30:42.096655+00:00,babashka,1.12.218,31.671999999999997
2026-06-17 06:30:42.096655+00:00,jank,0.1-alpha,5.257439530000001
2026-06-18 06:30:39.200384+00:00,clojure,1.12.5.1654,5.622
2026-06-18 06:30:39.200384+00:00,babashka,1.12.218,31.671999999999997
2026-06-18 06:30:39.200384+00:00,jank,0.1-alpha,5.33952627
2026-06-19 06:30:34.118342+00:00,clojure,1.12.5.1654,5.585999999999999
2026-06-19 06:30:34.118342+00:00,babashka,1.12.218,31.663999999999998
2026-06-19 06:30:34.118342+00:00,jank,0.1-alpha,5.590885659999997
