2026-07-29 23:15:37.855280+00:00,clojure,1.12.5.1654,3.092
2026-07-29 23:15:37.855280+00:00,babashka,1.12.218,475.203
2026-07-29 23:15:37.855280+00:00,jank,0.1-alpha,5.5e-05
2026-07-30 06:30:39.760546+00:00,clojure,1.12.5.1654,3.092
2026-07-30 06:30:39.760546+00:00,babashka,1.12.218,475.659
2026-07-30 06:30:39.760546+00:00,jank,0.1-alpha,5.5e-05
2026-07-31 06:30:39.649495+00:00,clojure,1.12.5.1654,3.093
2026-07-31 06:30:39.649495+00:00,babashka,1.12.218,475.694
2026-07-31 06:30:39.649495+00:00,jank,0.1-alpha,5.8e-05
2026-08-01 06:30:51.576846+00:00,clojure,1.12.5.1654,3.092
2026-08-01 06:30:51.576846+00:00,babashka,1.12.218,475.675
2026-08-01 06:30:51.576846+00:00,jank,0.1-alpha,5.5e-05
2026-08-02 06:30:56.053342+00:00,clojure,1.12.5.1654,3.092
2026-08-02 06:30:56.053342+00:00,babashka,1.12.218,487.044
2026-08-02 06:30:56.053342+00:00,jank,0.1-alpha,5.5e-05
2026-08-03 06:31:29.647408+00:00,clojure,1.12.5.1654,3.093
2026-08-03 06:31:29.647408+00:00,babashka,1.12.218,486.93199999999996
2026-08-03 06:31:29.647408+00:00,jank,0.1-alpha,5.5e-05
2026-08-03 17:47:00.821328+00:00,clojure,1.12.5.1664,6.971
2026-08-03 17:47:00.821328+00:00,babashka,1.12.218,588.284
2026-08-03 17:47:00.821328+00:00,jank,0.1-alpha,64.01207226999999
