2026-04-29 23:50:45.408953+00:00,clojure,1.12.4.1629,19.074381228571426
2026-04-29 23:50:45.408953+00:00,babashka,1.12.217,44.032502120000004
2026-04-29 23:50:45.408953+00:00,jank,0.1-alpha,211.38000000000002
2026-04-30 06:01:04.429004+00:00,clojure,1.12.4.1629,18.881999999999998
2026-04-30 06:01:04.429004+00:00,babashka,1.12.217,44.134
2026-04-30 06:01:04.429004+00:00,jank,0.1-alpha,211.43
2026-04-30 18:01:04.527535+00:00,clojure,1.12.4.1629,19.193
2026-04-30 18:01:04.527535+00:00,babashka,1.12.217,45.153999999999996
2026-04-30 18:01:04.527535+00:00,jank,0.1-alpha,211.34
2026-05-01 06:01:00.238765+00:00,clojure,1.12.4.1629,19.386
2026-05-01 06:01:00.238765+00:00,babashka,1.12.217,44.033
2026-05-01 06:01:00.238765+00:00,jank,0.1-alpha,210.8
2026-05-01 18:00:59.144421+00:00,clojure,1.12.4.1629,18.657
2026-05-01 18:00:59.144421+00:00,babashka,1.12.217,44.01
2026-05-01 18:00:59.144421+00:00,jank,0.1-alpha,215.25
2026-05-02 06:01:16.284182+00:00,clojure,1.12.4.1629,17.932
2026-05-02 06:01:16.284182+00:00,babashka,1.12.217,44.33
2026-05-02 06:01:16.284182+00:00,jank,0.1-alpha,213.4
2026-05-02 18:01:04.950173+00:00,clojure,1.12.4.1629,19.624
2026-05-02 18:01:04.950173+00:00,babashka,1.12.217,44.278999999999996
2026-05-02 18:01:04.950173+00:00,jank,0.1-alpha,203.77
2026-05-03 06:01:16.133446+00:00,clojure,1.12.4.1629,17.709
2026-05-03 06:01:16.133446+00:00,babashka,1.12.217,44.007
2026-05-03 06:01:16.133446+00:00,jank,0.1-alpha,201.16
2026-05-03 18:01:38.643053+00:00,clojure,1.12.4.1629,18.109
2026-05-03 18:01:38.643053+00:00,babashka,1.12.217,44.153999999999996
2026-05-03 18:01:38.643053+00:00,jank,0.1-alpha,198.90000000000003
2026-05-04 06:00:59.895986+00:00,clojure,1.12.4.1629,18.629
2026-05-04 06:00:59.895986+00:00,babashka,1.12.217,47.074
2026-05-04 06:00:59.895986+00:00,jank,0.1-alpha,198.33
2026-05-04 18:00:59.133386+00:00,clojure,1.12.4.1629,19.186
2026-05-04 18:00:59.133386+00:00,babashka,1.12.217,45.29600000000001
2026-05-04 18:00:59.133386+00:00,jank,0.1-alpha,196.11
2026-05-05 06:01:04.047243+00:00,clojure,1.12.4.1629,19.215
2026-05-05 06:01:04.047243+00:00,babashka,1.12.217,45.445
2026-05-05 06:01:04.047243+00:00,jank,0.1-alpha,203.21
2026-05-05 18:01:06.803038+00:00,clojure,1.12.4.1629,19.349
2026-05-05 18:01:06.803038+00:00,babashka,1.12.217,44.062999999999995
2026-05-05 18:01:06.803038+00:00,jank,0.1-alpha,194.98
2026-05-06 06:00:59.527944+00:00,clojure,1.12.4.1629,18.006
2026-05-06 06:00:59.527944+00:00,babashka,1.12.217,47.177
2026-05-06 06:00:59.527944+00:00,jank,0.1-alpha,208.15
2026-05-07 06:00:35.129441+00:00,clojure,1.12.4.1629,18.999
2026-05-07 06:00:35.129441+00:00,babashka,1.12.217,45.166
2026-05-07 06:00:35.129441+00:00,jank,0.1-alpha,203.04
2026-05-08 06:00:29.559788+00:00,clojure,1.12.4.1629,18.811999999999998
2026-05-08 06:00:29.559788+00:00,babashka,1.12.217,47.112
2026-05-08 06:00:29.559788+00:00,jank,0.1-alpha,194.5
2026-05-09 06:00:29.772799+00:00,clojure,1.12.4.1629,18.547
2026-05-09 06:00:29.772799+00:00,babashka,1.12.217,45.061
2026-05-09 06:00:29.772799+00:00,jank,0.1-alpha,226.0
2026-05-10 06:00:30.159489+00:00,clojure,1.12.4.1629,18.859
2026-05-10 06:00:30.159489+00:00,babashka,1.12.217,44.588
2026-05-10 06:00:30.159489+00:00,jank,0.1-alpha,215.4
2026-05-11 06:01:08.495446+00:00,clojure,1.12.4.1629,19.104
2026-05-11 06:01:08.495446+00:00,babashka,1.12.217,47.138
2026-05-11 06:01:08.495446+00:00,jank,0.1-alpha,205.50000000000003
2026-05-12 06:00:32.913288+00:00,clojure,1.12.4.1629,19.942
2026-05-12 06:00:32.913288+00:00,babashka,1.12.217,47.048
2026-05-12 06:00:32.913288+00:00,jank,0.1-alpha,208.82
2026-05-12 18:15:20.277597+00:00,clojure,1.12.4.1629,18.145000000000003
2026-05-12 18:15:20.277597+00:00,babashka,1.12.218,45.503
2026-05-12 18:15:20.277597+00:00,jank,0.1-alpha,207.28
2026-05-13 06:00:35.643469+00:00,clojure,1.12.4.1629,18.13
2026-05-13 06:00:35.643469+00:00,babashka,1.12.218,43.986999999999995
2026-05-13 06:00:35.643469+00:00,jank,0.1-alpha,206.13
2026-05-14 06:00:30.775928+00:00,clojure,1.12.4.1629,17.494
2026-05-14 06:00:30.775928+00:00,babashka,1.12.218,46.809000000000005
2026-05-14 06:00:30.775928+00:00,jank,0.1-alpha,205.7
2026-05-15 06:00:30.016536+00:00,clojure,1.12.4.1629,20.657999999999998
2026-05-15 06:00:30.016536+00:00,babashka,1.12.218,44.94
2026-05-15 06:00:30.016536+00:00,jank,0.1-alpha,214.96
2026-05-16 06:00:29.755443+00:00,clojure,1.12.4.1629,18.717000000000002
2026-05-16 06:00:29.755443+00:00,babashka,1.12.218,44.083999999999996
2026-05-16 06:00:29.755443+00:00,jank,0.1-alpha,135.65000000000003
2026-05-17 06:00:33.856129+00:00,clojure,1.12.5.1638,20.012999999999998
2026-05-17 06:00:33.856129+00:00,babashka,1.12.218,44.031
2026-05-17 06:00:33.856129+00:00,jank,0.1-alpha,139.77
2026-05-21 19:16:30.403255+00:00,clojure,1.12.5.1638,19.434
2026-05-21 19:16:30.403255+00:00,babashka,1.12.218,46.961999999999996
2026-05-21 19:16:30.403255+00:00,jank,0.1-alpha,140.38
2026-05-22 06:00:29.417422+00:00,clojure,1.12.5.1638,19.365000000000002
2026-05-22 06:00:29.417422+00:00,babashka,1.12.218,43.77
2026-05-22 06:00:29.417422+00:00,jank,0.1-alpha,135.88
2026-05-23 06:00:57.079356+00:00,clojure,1.12.5.1645,19.232
2026-05-23 06:00:57.079356+00:00,babashka,1.12.218,45.867
2026-05-23 06:00:57.079356+00:00,jank,0.1-alpha,138.6
2026-05-24 06:00:40.365627+00:00,clojure,1.12.5.1645,20.035
2026-05-24 06:00:40.365627+00:00,babashka,1.12.218,43.573
2026-05-24 06:00:40.365627+00:00,jank,0.1-alpha,144.21
2026-05-25 06:01:16.495900+00:00,clojure,1.12.5.1645,19.262999999999998
2026-05-25 06:01:16.495900+00:00,babashka,1.12.218,43.774
2026-05-25 06:01:16.495900+00:00,jank,0.1-alpha,141.21
2026-05-26 06:00:38.115220+00:00,clojure,1.12.5.1645,19.130000000000003
2026-05-26 06:00:38.115220+00:00,babashka,1.12.218,43.504
2026-05-26 06:00:38.115220+00:00,jank,0.1-alpha,134.69
2026-05-29 02:47:22.498571+00:00,clojure,1.12.5.1645,19.613
2026-05-29 02:47:22.498571+00:00,babashka,1.12.218,43.416999999999994
2026-05-29 02:47:22.498571+00:00,jank,0.1-alpha,149.2945708399999
2026-05-29 03:05:40.641777+00:00,clojure,1.12.5.1645,19.642
2026-05-29 03:05:40.641777+00:00,babashka,1.12.218,41.204
2026-05-29 03:05:40.641777+00:00,jank,0.1-alpha,149.58193192000002
2026-05-29 06:00:31.794696+00:00,clojure,1.12.5.1645,18.169
2026-05-29 06:00:31.794696+00:00,babashka,1.12.218,42.251999999999995
2026-05-29 06:00:31.794696+00:00,jank,0.1-alpha,147.17299907999998
2026-05-30 06:00:30.653406+00:00,clojure,1.12.5.1645,19.183
2026-05-30 06:00:30.653406+00:00,babashka,1.12.218,41.12
2026-05-30 06:00:30.653406+00:00,jank,0.1-alpha,146.61683433000002
2026-05-31 06:00:25.788966+00:00,clojure,1.12.5.1645,19.417
2026-05-31 06:00:25.788966+00:00,babashka,1.12.218,45.316
2026-05-31 06:00:25.788966+00:00,jank,0.1-alpha,147.77389325000001
2026-06-01 06:30:33.658587+00:00,clojure,1.12.5.1645,19.393
2026-06-01 06:30:33.658587+00:00,babashka,1.12.218,42.285999999999994
2026-06-01 06:30:33.658587+00:00,jank,0.1-alpha,146.79233432
2026-06-02 06:30:47.190933+00:00,clojure,1.12.5.1654,18.11
2026-06-02 06:30:47.190933+00:00,babashka,1.12.218,44.512
2026-06-02 06:30:47.190933+00:00,jank,0.1-alpha,145.96385658000005
2026-06-03 06:30:28.373189+00:00,clojure,1.12.5.1654,17.750999999999998
2026-06-03 06:30:28.373189+00:00,babashka,1.12.218,44.807
2026-06-03 06:30:28.373189+00:00,jank,0.1-alpha,145.93761955000002
2026-06-04 06:30:28.673088+00:00,clojure,1.12.5.1654,20.387
2026-06-04 06:30:28.673088+00:00,babashka,1.12.218,43.882999999999996
2026-06-04 06:30:28.673088+00:00,jank,0.1-alpha,145.49893655000002
2026-06-05 06:30:35.356154+00:00,clojure,1.12.5.1654,19.107
2026-06-05 06:30:35.356154+00:00,babashka,1.12.218,39.367
2026-06-05 06:30:35.356154+00:00,jank,0.1-alpha,142.04755362000003
2026-06-06 06:30:33.928263+00:00,clojure,1.12.5.1654,19.194
2026-06-06 06:30:33.928263+00:00,babashka,1.12.218,45.491
2026-06-06 06:30:33.928263+00:00,jank,0.1-alpha,138.26087206000005
2026-06-07 06:30:28.238623+00:00,clojure,1.12.5.1654,20.132
2026-06-07 06:30:28.238623+00:00,babashka,1.12.218,40.977
2026-06-07 06:30:28.238623+00:00,jank,0.1-alpha,137.53488484
2026-06-08 06:31:23.626700+00:00,clojure,1.12.5.1654,17.967
2026-06-08 06:31:23.626700+00:00,babashka,1.12.218,42.247
2026-06-08 06:31:23.626700+00:00,jank,0.1-alpha,139.54260943
2026-06-09 06:30:28.538124+00:00,clojure,1.12.5.1654,17.982000000000003
2026-06-09 06:30:28.538124+00:00,babashka,1.12.218,39.402
2026-06-09 06:30:28.538124+00:00,jank,0.1-alpha,132.66133677
2026-06-10 06:30:33.261348+00:00,clojure,1.12.5.1654,16.919
2026-06-10 06:30:33.261348+00:00,babashka,1.12.218,42.32
2026-06-10 06:30:33.261348+00:00,jank,0.1-alpha,138.77979960999997
2026-06-11 06:30:28.647458+00:00,clojure,1.12.5.1654,17.843
2026-06-11 06:30:28.647458+00:00,babashka,1.12.218,43.887
2026-06-11 06:30:28.647458+00:00,jank,0.1-alpha,136.73805936
2026-06-12 06:30:38.168932+00:00,clojure,1.12.5.1654,18.593
2026-06-12 06:30:38.168932+00:00,babashka,1.12.218,42.574
2026-06-12 06:30:38.168932+00:00,jank,0.1-alpha,140.15858476999992
2026-06-13 06:30:28.278126+00:00,clojure,1.12.5.1654,18.907
2026-06-13 06:30:28.278126+00:00,babashka,1.12.218,44.852000000000004
2026-06-13 06:30:28.278126+00:00,jank,0.1-alpha,136.66226595999998
2026-06-14 06:30:28.189088+00:00,clojure,1.12.5.1654,19.374
2026-06-14 06:30:28.189088+00:00,babashka,1.12.218,44.002
2026-06-14 06:30:28.189088+00:00,jank,0.1-alpha,136.18679525
2026-06-15 06:31:16.933803+00:00,clojure,1.12.5.1654,19.179000000000002
2026-06-15 06:31:16.933803+00:00,babashka,1.12.218,42.131
2026-06-15 06:31:16.933803+00:00,jank,0.1-alpha,138.86826036999992
2026-06-16 06:30:28.920044+00:00,clojure,1.12.5.1654,17.349
2026-06-16 06:30:28.920044+00:00,babashka,1.12.218,44.37
2026-06-16 06:30:28.920044+00:00,jank,0.1-alpha,139.13946986999997
2026-06-17 06:30:42.096655+00:00,clojure,1.12.5.1654,19.328000000000003
2026-06-17 06:30:42.096655+00:00,babashka,1.12.218,44.63
2026-06-17 06:30:42.096655+00:00,jank,0.1-alpha,142.50915512
2026-06-18 06:30:39.200384+00:00,clojure,1.12.5.1654,19.173
2026-06-18 06:30:39.200384+00:00,babashka,1.12.218,43.915
2026-06-18 06:30:39.200384+00:00,jank,0.1-alpha,152.85303646999998
2026-06-19 06:30:34.118342+00:00,clojure,1.12.5.1654,18.488
2026-06-19 06:30:34.118342+00:00,babashka,1.12.218,42.371
2026-06-19 06:30:34.118342+00:00,jank,0.1-alpha,144.07440473999998
2026-06-20 06:30:31.446989+00:00,clojure,1.12.5.1654,17.5
2026-06-20 06:30:31.446989+00:00,babashka,1.12.218,42.544
2026-06-20 06:30:31.446989+00:00,jank,0.1-alpha,146.47593248000004
2026-06-21 06:30:43.724069+00:00,clojure,1.12.5.1654,18.107000000000003
2026-06-21 06:30:43.724069+00:00,babashka,1.12.218,43.888000000000005
2026-06-21 06:30:43.724069+00:00,jank,0.1-alpha,152.78722066999998
2026-06-22 06:31:16.473652+00:00,clojure,1.12.5.1654,17.086000000000002
2026-06-22 06:31:16.473652+00:00,babashka,1.12.218,44.324000000000005
2026-06-22 06:31:16.473652+00:00,jank,0.1-alpha,149.86192556
2026-06-23 06:30:35.236049+00:00,clojure,1.12.5.1654,19.921000000000003
2026-06-23 06:30:35.236049+00:00,babashka,1.12.218,44.296
2026-06-23 06:30:35.236049+00:00,jank,0.1-alpha,156.60982514999998
2026-06-24 06:30:34.372814+00:00,clojure,1.12.5.1654,18.29
2026-06-24 06:30:34.372814+00:00,babashka,1.12.218,44.815
2026-06-24 06:30:34.372814+00:00,jank,0.1-alpha,153.40955571000003
2026-06-25 06:30:35.230141+00:00,clojure,1.12.5.1654,18.377000000000002
2026-06-25 06:30:35.230141+00:00,babashka,1.12.218,44.26
2026-06-25 06:30:35.230141+00:00,jank,0.1-alpha,145.23946494000003
2026-06-26 06:30:35.217444+00:00,clojure,1.12.5.1654,18.934
2026-06-26 06:30:35.217444+00:00,babashka,1.12.218,42.185
2026-06-26 06:30:35.217444+00:00,jank,0.1-alpha,73.39930197000004
2026-06-27 06:31:09.831583+00:00,clojure,1.12.5.1654,17.822000000000003
2026-06-27 06:31:09.831583+00:00,babashka,1.12.218,44.748000000000005
2026-06-27 06:31:09.831583+00:00,jank,0.1-alpha,71.97790585000003
2026-06-28 06:30:34.911749+00:00,clojure,1.12.5.1654,18.112
2026-06-28 06:30:34.911749+00:00,babashka,1.12.218,42.304
2026-06-28 06:30:34.911749+00:00,jank,0.1-alpha,73.93254927999998
2026-06-29 06:31:35.766036+00:00,clojure,1.12.5.1654,20.102999999999998
2026-06-29 06:31:35.766036+00:00,babashka,1.12.218,44.068000000000005
2026-06-29 06:31:35.766036+00:00,jank,0.1-alpha,71.83788208000001
2026-06-30 06:30:45.851392+00:00,clojure,1.12.5.1654,20.806
2026-06-30 06:30:45.851392+00:00,babashka,1.12.218,44.266
2026-06-30 06:30:45.851392+00:00,jank,0.1-alpha,74.26337305000001
2026-07-01 06:30:34.770805+00:00,clojure,1.12.5.1654,17.995
2026-07-01 06:30:34.770805+00:00,babashka,1.12.218,44.072
2026-07-01 06:30:34.770805+00:00,jank,0.1-alpha,77.72644303999999
2026-07-02 06:30:34.977803+00:00,clojure,1.12.5.1654,18.955
2026-07-02 06:30:34.977803+00:00,babashka,1.12.218,44.256
2026-07-02 06:30:34.977803+00:00,jank,0.1-alpha,74.04129999000003
2026-07-03 06:30:34.903751+00:00,clojure,1.12.5.1654,17.613
2026-07-03 06:30:34.903751+00:00,babashka,1.12.218,44.067
2026-07-03 06:30:34.903751+00:00,jank,0.1-alpha,72.66746491000002
2026-07-04 06:30:43.741721+00:00,clojure,1.12.5.1654,20.371
2026-07-04 06:30:43.741721+00:00,babashka,1.12.218,44.782000000000004
2026-07-04 06:30:43.741721+00:00,jank,0.1-alpha,72.30074387999998
2026-07-05 06:30:34.139127+00:00,clojure,1.12.5.1654,19.494999999999997
2026-07-05 06:30:34.139127+00:00,babashka,1.12.218,44.153999999999996
2026-07-05 06:30:34.139127+00:00,jank,0.1-alpha,78.54461922
2026-07-06 06:32:05.630291+00:00,clojure,1.12.5.1654,17.245
2026-07-06 06:32:05.630291+00:00,babashka,1.12.218,42.147999999999996
2026-07-06 06:32:05.630291+00:00,jank,0.1-alpha,74.91222271000001
2026-07-07 06:30:32.447936+00:00,clojure,1.12.5.1654,19.132
2026-07-07 06:30:32.447936+00:00,babashka,1.12.218,44.136
2026-07-07 06:30:32.447936+00:00,jank,0.1-alpha,73.25297997
2026-07-08 06:30:36.086297+00:00,clojure,1.12.5.1654,17.025
2026-07-08 06:30:36.086297+00:00,babashka,1.12.218,43.354
2026-07-08 06:30:36.086297+00:00,jank,0.1-alpha,72.95328588000001
2026-07-09 06:30:34.437521+00:00,clojure,1.12.5.1654,18.13
2026-07-09 06:30:34.437521+00:00,babashka,1.12.218,44.125
2026-07-09 06:30:34.437521+00:00,jank,0.1-alpha,72.31858768
2026-07-10 06:30:34.497205+00:00,clojure,1.12.5.1654,19.511
2026-07-10 06:30:34.497205+00:00,babashka,1.12.218,44.187
2026-07-10 06:30:34.497205+00:00,jank,0.1-alpha,72.33038796000001
2026-07-11 06:30:52.133168+00:00,clojure,1.12.5.1654,19.776
2026-07-11 06:30:52.133168+00:00,babashka,1.12.218,42.939
2026-07-11 06:30:52.133168+00:00,jank,0.1-alpha,71.83354311
2026-07-12 06:30:37.048652+00:00,clojure,1.12.5.1654,18.316
2026-07-12 06:30:37.048652+00:00,babashka,1.12.218,43.187999999999995
2026-07-12 06:30:37.048652+00:00,jank,0.1-alpha,71.79691829000001
2026-07-13 06:31:19.310446+00:00,clojure,1.12.5.1654,17.46
2026-07-13 06:31:19.310446+00:00,babashka,1.12.218,43.159000000000006
2026-07-13 06:31:19.310446+00:00,jank,0.1-alpha,71.39208401999997
2026-07-14 06:30:28.978743+00:00,clojure,1.12.5.1654,18.282
2026-07-14 06:30:28.978743+00:00,babashka,1.12.218,43.03
2026-07-14 06:30:28.978743+00:00,jank,0.1-alpha,73.36021331999999
2026-07-15 06:31:03.100822+00:00,clojure,1.12.5.1654,19.21
2026-07-15 06:31:03.100822+00:00,babashka,1.12.218,44.725
2026-07-15 06:31:03.100822+00:00,jank,0.1-alpha,73.67869218
