2026-04-29 23:50:45.408953+00:00,clojure,1.12.4.1629,19.074381228571426
2026-04-29 23:50:45.408953+00:00,babashka,1.12.217,44.032502120000004
2026-04-29 23:50:45.408953+00:00,jank,0.1-alpha,211.38000000000002
2026-04-30 06:01:04.429004+00:00,clojure,1.12.4.1629,18.881999999999998
2026-04-30 06:01:04.429004+00:00,babashka,1.12.217,44.134
2026-04-30 06:01:04.429004+00:00,jank,0.1-alpha,211.43
2026-04-30 18:01:04.527535+00:00,clojure,1.12.4.1629,19.193
2026-04-30 18:01:04.527535+00:00,babashka,1.12.217,45.153999999999996
2026-04-30 18:01:04.527535+00:00,jank,0.1-alpha,211.34
2026-05-01 06:01:00.238765+00:00,clojure,1.12.4.1629,19.386
2026-05-01 06:01:00.238765+00:00,babashka,1.12.217,44.033
2026-05-01 06:01:00.238765+00:00,jank,0.1-alpha,210.8
2026-05-01 18:00:59.144421+00:00,clojure,1.12.4.1629,18.657
2026-05-01 18:00:59.144421+00:00,babashka,1.12.217,44.01
2026-05-01 18:00:59.144421+00:00,jank,0.1-alpha,215.25
2026-05-02 06:01:16.284182+00:00,clojure,1.12.4.1629,17.932
2026-05-02 06:01:16.284182+00:00,babashka,1.12.217,44.33
2026-05-02 06:01:16.284182+00:00,jank,0.1-alpha,213.4
2026-05-02 18:01:04.950173+00:00,clojure,1.12.4.1629,19.624
2026-05-02 18:01:04.950173+00:00,babashka,1.12.217,44.278999999999996
2026-05-02 18:01:04.950173+00:00,jank,0.1-alpha,203.77
2026-05-03 06:01:16.133446+00:00,clojure,1.12.4.1629,17.709
2026-05-03 06:01:16.133446+00:00,babashka,1.12.217,44.007
2026-05-03 06:01:16.133446+00:00,jank,0.1-alpha,201.16
2026-05-03 18:01:38.643053+00:00,clojure,1.12.4.1629,18.109
2026-05-03 18:01:38.643053+00:00,babashka,1.12.217,44.153999999999996
2026-05-03 18:01:38.643053+00:00,jank,0.1-alpha,198.90000000000003
2026-05-04 06:00:59.895986+00:00,clojure,1.12.4.1629,18.629
2026-05-04 06:00:59.895986+00:00,babashka,1.12.217,47.074
2026-05-04 06:00:59.895986+00:00,jank,0.1-alpha,198.33
2026-05-04 18:00:59.133386+00:00,clojure,1.12.4.1629,19.186
2026-05-04 18:00:59.133386+00:00,babashka,1.12.217,45.29600000000001
2026-05-04 18:00:59.133386+00:00,jank,0.1-alpha,196.11
2026-05-05 06:01:04.047243+00:00,clojure,1.12.4.1629,19.215
2026-05-05 06:01:04.047243+00:00,babashka,1.12.217,45.445
2026-05-05 06:01:04.047243+00:00,jank,0.1-alpha,203.21
2026-05-05 18:01:06.803038+00:00,clojure,1.12.4.1629,19.349
2026-05-05 18:01:06.803038+00:00,babashka,1.12.217,44.062999999999995
2026-05-05 18:01:06.803038+00:00,jank,0.1-alpha,194.98
2026-05-06 06:00:59.527944+00:00,clojure,1.12.4.1629,18.006
2026-05-06 06:00:59.527944+00:00,babashka,1.12.217,47.177
2026-05-06 06:00:59.527944+00:00,jank,0.1-alpha,208.15
2026-05-07 06:00:35.129441+00:00,clojure,1.12.4.1629,18.999
2026-05-07 06:00:35.129441+00:00,babashka,1.12.217,45.166
2026-05-07 06:00:35.129441+00:00,jank,0.1-alpha,203.04
2026-05-08 06:00:29.559788+00:00,clojure,1.12.4.1629,18.811999999999998
2026-05-08 06:00:29.559788+00:00,babashka,1.12.217,47.112
2026-05-08 06:00:29.559788+00:00,jank,0.1-alpha,194.5
2026-05-09 06:00:29.772799+00:00,clojure,1.12.4.1629,18.547
2026-05-09 06:00:29.772799+00:00,babashka,1.12.217,45.061
2026-05-09 06:00:29.772799+00:00,jank,0.1-alpha,226.0
2026-05-10 06:00:30.159489+00:00,clojure,1.12.4.1629,18.859
2026-05-10 06:00:30.159489+00:00,babashka,1.12.217,44.588
2026-05-10 06:00:30.159489+00:00,jank,0.1-alpha,215.4
2026-05-11 06:01:08.495446+00:00,clojure,1.12.4.1629,19.104
2026-05-11 06:01:08.495446+00:00,babashka,1.12.217,47.138
2026-05-11 06:01:08.495446+00:00,jank,0.1-alpha,205.50000000000003
2026-05-12 06:00:32.913288+00:00,clojure,1.12.4.1629,19.942
2026-05-12 06:00:32.913288+00:00,babashka,1.12.217,47.048
2026-05-12 06:00:32.913288+00:00,jank,0.1-alpha,208.82
2026-05-12 18:15:20.277597+00:00,clojure,1.12.4.1629,18.145000000000003
2026-05-12 18:15:20.277597+00:00,babashka,1.12.218,45.503
2026-05-12 18:15:20.277597+00:00,jank,0.1-alpha,207.28
2026-05-13 06:00:35.643469+00:00,clojure,1.12.4.1629,18.13
2026-05-13 06:00:35.643469+00:00,babashka,1.12.218,43.986999999999995
2026-05-13 06:00:35.643469+00:00,jank,0.1-alpha,206.13
2026-05-14 06:00:30.775928+00:00,clojure,1.12.4.1629,17.494
2026-05-14 06:00:30.775928+00:00,babashka,1.12.218,46.809000000000005
2026-05-14 06:00:30.775928+00:00,jank,0.1-alpha,205.7
