2026-05-07 06:00:35.129441+00:00,clojure,1.12.4.1629,29.115
2026-05-07 06:00:35.129441+00:00,babashka,1.12.217,103.054
2026-05-07 06:00:35.129441+00:00,jank,0.1-alpha,79.53
2026-05-08 06:00:29.559788+00:00,clojure,1.12.4.1629,29.617
2026-05-08 06:00:29.559788+00:00,babashka,1.12.217,103.17800000000001
2026-05-08 06:00:29.559788+00:00,jank,0.1-alpha,79.8
2026-05-09 06:00:29.772799+00:00,clojure,1.12.4.1629,28.918
2026-05-09 06:00:29.772799+00:00,babashka,1.12.217,102.938
2026-05-09 06:00:29.772799+00:00,jank,0.1-alpha,81.40000000000002
2026-05-10 06:00:30.159489+00:00,clojure,1.12.4.1629,29.41
2026-05-10 06:00:30.159489+00:00,babashka,1.12.217,101.847
2026-05-10 06:00:30.159489+00:00,jank,0.1-alpha,80.69
2026-05-11 06:01:08.495446+00:00,clojure,1.12.4.1629,29.025
2026-05-11 06:01:08.495446+00:00,babashka,1.12.217,102.362
2026-05-11 06:01:08.495446+00:00,jank,0.1-alpha,81.81
2026-05-12 06:00:32.913288+00:00,clojure,1.12.4.1629,28.493000000000002
2026-05-12 06:00:32.913288+00:00,babashka,1.12.217,102.62400000000001
2026-05-12 06:00:32.913288+00:00,jank,0.1-alpha,86.38
2026-05-12 18:15:20.277597+00:00,clojure,1.12.4.1629,29.038999999999998
2026-05-12 18:15:20.277597+00:00,babashka,1.12.218,101.078
2026-05-12 18:15:20.277597+00:00,jank,0.1-alpha,80.84
2026-05-13 06:00:35.643469+00:00,clojure,1.12.4.1629,29.858
2026-05-13 06:00:35.643469+00:00,babashka,1.12.218,102.50099999999999
2026-05-13 06:00:35.643469+00:00,jank,0.1-alpha,42.33
2026-05-14 06:00:30.775928+00:00,clojure,1.12.4.1629,29.083000000000002
2026-05-14 06:00:30.775928+00:00,babashka,1.12.218,101.995
2026-05-14 06:00:30.775928+00:00,jank,0.1-alpha,41.86
2026-05-15 06:00:30.016536+00:00,clojure,1.12.4.1629,30.451
2026-05-15 06:00:30.016536+00:00,babashka,1.12.218,101.487
2026-05-15 06:00:30.016536+00:00,jank,0.1-alpha,42.16
2026-05-16 06:00:29.755443+00:00,clojure,1.12.4.1629,29.147
2026-05-16 06:00:29.755443+00:00,babashka,1.12.218,102.15599999999999
2026-05-16 06:00:29.755443+00:00,jank,0.1-alpha,41.9
2026-05-17 06:00:33.856129+00:00,clojure,1.12.5.1638,28.727
2026-05-17 06:00:33.856129+00:00,babashka,1.12.218,101.56800000000001
2026-05-17 06:00:33.856129+00:00,jank,0.1-alpha,41.91
2026-05-21 19:16:30.403255+00:00,clojure,1.12.5.1638,29.211000000000002
2026-05-21 19:16:30.403255+00:00,babashka,1.12.218,100.68
2026-05-21 19:16:30.403255+00:00,jank,0.1-alpha,42.28000000000001
2026-05-22 06:00:29.417422+00:00,clojure,1.12.5.1638,30.5
2026-05-22 06:00:29.417422+00:00,babashka,1.12.218,102.132
2026-05-22 06:00:29.417422+00:00,jank,0.1-alpha,41.87
2026-05-23 06:00:57.079356+00:00,clojure,1.12.5.1645,28.756
2026-05-23 06:00:57.079356+00:00,babashka,1.12.218,101.691
2026-05-23 06:00:57.079356+00:00,jank,0.1-alpha,41.81
2026-05-24 06:00:40.365627+00:00,clojure,1.12.5.1645,28.98
2026-05-24 06:00:40.365627+00:00,babashka,1.12.218,103.287
2026-05-24 06:00:40.365627+00:00,jank,0.1-alpha,40.58
2026-05-25 06:01:16.495900+00:00,clojure,1.12.5.1645,28.159
2026-05-25 06:01:16.495900+00:00,babashka,1.12.218,103.634
2026-05-25 06:01:16.495900+00:00,jank,0.1-alpha,40.43
2026-05-26 06:00:38.115220+00:00,clojure,1.12.5.1645,28.38
2026-05-26 06:00:38.115220+00:00,babashka,1.12.218,103.128
2026-05-26 06:00:38.115220+00:00,jank,0.1-alpha,41.7
2026-05-29 02:47:22.498571+00:00,clojure,1.12.5.1645,29.776
2026-05-29 02:47:22.498571+00:00,babashka,1.12.218,103.285
2026-05-29 03:05:40.641777+00:00,clojure,1.12.5.1645,29.682
2026-05-29 03:05:40.641777+00:00,babashka,1.12.218,103.377
2026-05-29 06:00:31.794696+00:00,clojure,1.12.5.1645,27.886000000000003
2026-05-29 06:00:31.794696+00:00,babashka,1.12.218,103.005
2026-05-30 06:00:30.653406+00:00,clojure,1.12.5.1645,29.389
2026-05-30 06:00:30.653406+00:00,babashka,1.12.218,103.09100000000001
2026-05-31 06:00:25.788966+00:00,clojure,1.12.5.1645,28.18
2026-05-31 06:00:25.788966+00:00,babashka,1.12.218,102.98400000000001
2026-06-01 06:30:33.658587+00:00,clojure,1.12.5.1645,28.546
2026-06-01 06:30:33.658587+00:00,babashka,1.12.218,103.767
2026-06-02 06:30:47.190933+00:00,clojure,1.12.5.1654,29.829
2026-06-02 06:30:47.190933+00:00,babashka,1.12.218,103.96900000000001
2026-06-03 06:30:28.373189+00:00,clojure,1.12.5.1654,28.32
2026-06-03 06:30:28.373189+00:00,babashka,1.12.218,103.112
2026-06-04 06:30:28.673088+00:00,clojure,1.12.5.1654,27.085
2026-06-04 06:30:28.673088+00:00,babashka,1.12.218,103.446
2026-06-05 06:30:35.356154+00:00,clojure,1.12.5.1654,29.697000000000003
2026-06-05 06:30:35.356154+00:00,babashka,1.12.218,103.491
2026-06-05 06:30:35.356154+00:00,jank,0.1-alpha,22.56505148999999
2026-06-06 06:30:33.928263+00:00,clojure,1.12.5.1654,29.729
2026-06-06 06:30:33.928263+00:00,babashka,1.12.218,103.438
2026-06-06 06:30:33.928263+00:00,jank,0.1-alpha,22.30823963
2026-06-07 06:30:28.238623+00:00,clojure,1.12.5.1654,28.979000000000003
2026-06-07 06:30:28.238623+00:00,babashka,1.12.218,103.644
2026-06-07 06:30:28.238623+00:00,jank,0.1-alpha,22.882753210000004
2026-06-08 06:31:23.626700+00:00,clojure,1.12.5.1654,29.957
2026-06-08 06:31:23.626700+00:00,babashka,1.12.218,102.53
2026-06-08 06:31:23.626700+00:00,jank,0.1-alpha,22.468140339999984
2026-06-09 06:30:28.538124+00:00,clojure,1.12.5.1654,27.979
2026-06-09 06:30:28.538124+00:00,babashka,1.12.218,103.878
2026-06-09 06:30:28.538124+00:00,jank,0.1-alpha,23.630914050000012
2026-06-10 06:30:33.261348+00:00,clojure,1.12.5.1654,28.733
2026-06-10 06:30:33.261348+00:00,babashka,1.12.218,103.754
2026-06-10 06:30:33.261348+00:00,jank,0.1-alpha,22.590471630000003
2026-06-11 06:30:28.647458+00:00,clojure,1.12.5.1654,28.367
2026-06-11 06:30:28.647458+00:00,babashka,1.12.218,103.63
2026-06-11 06:30:28.647458+00:00,jank,0.1-alpha,23.462359090000007
2026-06-12 06:30:38.168932+00:00,clojure,1.12.5.1654,29.615
2026-06-12 06:30:38.168932+00:00,babashka,1.12.218,102.551
2026-06-12 06:30:38.168932+00:00,jank,0.1-alpha,23.055001130000008
2026-06-13 06:30:28.278126+00:00,clojure,1.12.5.1654,28.26
2026-06-13 06:30:28.278126+00:00,babashka,1.12.218,102.992
2026-06-13 06:30:28.278126+00:00,jank,0.1-alpha,23.591011770000005
2026-06-14 06:30:28.189088+00:00,clojure,1.12.5.1654,29.204
2026-06-14 06:30:28.189088+00:00,babashka,1.12.218,103.004
2026-06-14 06:30:28.189088+00:00,jank,0.1-alpha,23.48521022
2026-06-15 06:31:16.933803+00:00,clojure,1.12.5.1654,28.447
2026-06-15 06:31:16.933803+00:00,babashka,1.12.218,103.556
2026-06-15 06:31:16.933803+00:00,jank,0.1-alpha,22.61423540000001
2026-06-16 06:30:28.920044+00:00,clojure,1.12.5.1654,28.752
2026-06-16 06:30:28.920044+00:00,babashka,1.12.218,102.884
2026-06-16 06:30:28.920044+00:00,jank,0.1-alpha,23.287318080000013
2026-06-17 06:30:42.096655+00:00,clojure,1.12.5.1654,29.128999999999998
2026-06-17 06:30:42.096655+00:00,babashka,1.12.218,103.446
2026-06-17 06:30:42.096655+00:00,jank,0.1-alpha,22.686233319999992
2026-06-18 06:30:39.200384+00:00,clojure,1.12.5.1654,29.058
2026-06-18 06:30:39.200384+00:00,babashka,1.12.218,102.339
2026-06-18 06:30:39.200384+00:00,jank,0.1-alpha,26.911426789999997
2026-06-19 06:30:34.118342+00:00,clojure,1.12.5.1654,27.91
2026-06-19 06:30:34.118342+00:00,babashka,1.12.218,104.442
2026-06-19 06:30:34.118342+00:00,jank,0.1-alpha,27.538604989999996
2026-06-20 06:30:31.446989+00:00,clojure,1.12.5.1654,28.908
2026-06-20 06:30:31.446989+00:00,babashka,1.12.218,103.681
2026-06-20 06:30:31.446989+00:00,jank,0.1-alpha,27.151797890000005
2026-06-21 06:30:43.724069+00:00,clojure,1.12.5.1654,28.815
2026-06-21 06:30:43.724069+00:00,babashka,1.12.218,103.677
2026-06-21 06:30:43.724069+00:00,jank,0.1-alpha,27.269816679999995
2026-06-22 06:31:16.473652+00:00,clojure,1.12.5.1654,30.136
2026-06-22 06:31:16.473652+00:00,babashka,1.12.218,103.512
2026-06-22 06:31:16.473652+00:00,jank,0.1-alpha,27.267852410000003
2026-06-23 06:30:35.236049+00:00,clojure,1.12.5.1654,29.422
2026-06-23 06:30:35.236049+00:00,babashka,1.12.218,103.34400000000001
2026-06-23 06:30:35.236049+00:00,jank,0.1-alpha,26.630684599999995
2026-06-24 06:30:34.372814+00:00,clojure,1.12.5.1654,28.25
2026-06-24 06:30:34.372814+00:00,babashka,1.12.218,102.916
2026-06-24 06:30:34.372814+00:00,jank,0.1-alpha,27.448446989999994
2026-06-25 06:30:35.230141+00:00,clojure,1.12.5.1654,28.441000000000003
2026-06-25 06:30:35.230141+00:00,babashka,1.12.218,102.681
2026-06-25 06:30:35.230141+00:00,jank,0.1-alpha,30.834150029999986
2026-06-26 06:30:35.217444+00:00,clojure,1.12.5.1654,29.863
2026-06-26 06:30:35.217444+00:00,babashka,1.12.218,102.426
2026-06-26 06:30:35.217444+00:00,jank,0.1-alpha,27.360747070000002
2026-06-27 06:31:09.831583+00:00,clojure,1.12.5.1654,28.281
2026-06-27 06:31:09.831583+00:00,babashka,1.12.218,101.30799999999999
2026-06-27 06:31:09.831583+00:00,jank,0.1-alpha,28.00795558
2026-06-28 06:30:34.911749+00:00,clojure,1.12.5.1654,29.242
2026-06-28 06:30:34.911749+00:00,babashka,1.12.218,102.263
2026-06-28 06:30:34.911749+00:00,jank,0.1-alpha,27.958696559999993
2026-06-29 06:31:35.766036+00:00,clojure,1.12.5.1654,29.232
2026-06-29 06:31:35.766036+00:00,babashka,1.12.218,102.065
2026-06-29 06:31:35.766036+00:00,jank,0.1-alpha,26.855357950000002
2026-06-30 06:30:45.851392+00:00,clojure,1.12.5.1654,28.908
2026-06-30 06:30:45.851392+00:00,babashka,1.12.218,101.70899999999999
2026-06-30 06:30:45.851392+00:00,jank,0.1-alpha,27.415796989999983
2026-07-01 06:30:34.770805+00:00,clojure,1.12.5.1654,29.106
2026-07-01 06:30:34.770805+00:00,babashka,1.12.218,102.664
2026-07-01 06:30:34.770805+00:00,jank,0.1-alpha,28.218708180000007
2026-07-02 06:30:34.977803+00:00,clojure,1.12.5.1654,28.34
2026-07-02 06:30:34.977803+00:00,babashka,1.12.218,102.252
2026-07-02 06:30:34.977803+00:00,jank,0.1-alpha,28.12868636
2026-07-03 06:30:34.903751+00:00,clojure,1.12.5.1654,28.637
2026-07-03 06:30:34.903751+00:00,babashka,1.12.218,102.273
2026-07-03 06:30:34.903751+00:00,jank,0.1-alpha,27.36262577
2026-07-04 06:30:43.741721+00:00,clojure,1.12.5.1654,28.479999999999997
2026-07-04 06:30:43.741721+00:00,babashka,1.12.218,101.517
2026-07-04 06:30:43.741721+00:00,jank,0.1-alpha,27.127493060000003
2026-07-05 06:30:34.139127+00:00,clojure,1.12.5.1654,30.294
2026-07-05 06:30:34.139127+00:00,babashka,1.12.218,102.117
2026-07-05 06:30:34.139127+00:00,jank,0.1-alpha,27.527957859999997
2026-07-06 06:32:05.630291+00:00,clojure,1.12.5.1654,28.55
2026-07-06 06:32:05.630291+00:00,babashka,1.12.218,103.976
2026-07-06 06:32:05.630291+00:00,jank,0.1-alpha,27.568954209999994
2026-07-07 06:30:32.447936+00:00,clojure,1.12.5.1654,29.472
2026-07-07 06:30:32.447936+00:00,babashka,1.12.218,101.64099999999999
2026-07-07 06:30:32.447936+00:00,jank,0.1-alpha,27.035309889999997
2026-07-08 06:30:36.086297+00:00,clojure,1.12.5.1654,28.504
2026-07-08 06:30:36.086297+00:00,babashka,1.12.218,101.909
2026-07-08 06:30:36.086297+00:00,jank,0.1-alpha,27.685174290000006
2026-07-09 06:30:34.437521+00:00,clojure,1.12.5.1654,29.82
2026-07-09 06:30:34.437521+00:00,babashka,1.12.218,102.199
2026-07-09 06:30:34.437521+00:00,jank,0.1-alpha,27.486840339999993
2026-07-10 06:30:34.497205+00:00,clojure,1.12.5.1654,28.257
2026-07-10 06:30:34.497205+00:00,babashka,1.12.218,101.476
2026-07-10 06:30:34.497205+00:00,jank,0.1-alpha,27.334624159999986
