2026-05-12 18:15:20.277597+00:00,clojure,1.12.4.1629,24.549000000000003
2026-05-12 18:15:20.277597+00:00,babashka,1.12.218,110.575
2026-05-12 18:15:20.277597+00:00,jank,0.1-alpha,168.34
2026-05-13 06:00:35.643469+00:00,clojure,1.12.4.1629,25.041999999999998
2026-05-13 06:00:35.643469+00:00,babashka,1.12.218,110.28399999999999
2026-05-13 06:00:35.643469+00:00,jank,0.1-alpha,177.76
2026-05-14 06:00:30.775928+00:00,clojure,1.12.4.1629,24.399
2026-05-14 06:00:30.775928+00:00,babashka,1.12.218,110.931
2026-05-14 06:00:30.775928+00:00,jank,0.1-alpha,175.08
2026-05-15 06:00:30.016536+00:00,clojure,1.12.4.1629,24.052
2026-05-15 06:00:30.016536+00:00,babashka,1.12.218,111.003
2026-05-15 06:00:30.016536+00:00,jank,0.1-alpha,174.23
2026-05-16 06:00:29.755443+00:00,clojure,1.12.4.1629,24.641
2026-05-16 06:00:29.755443+00:00,babashka,1.12.218,111.001
2026-05-16 06:00:29.755443+00:00,jank,0.1-alpha,130.08000000000004
2026-05-17 06:00:33.856129+00:00,clojure,1.12.5.1638,23.604
2026-05-17 06:00:33.856129+00:00,babashka,1.12.218,111.433
2026-05-17 06:00:33.856129+00:00,jank,0.1-alpha,128.56
2026-05-21 19:16:30.403255+00:00,clojure,1.12.5.1638,24.208000000000002
2026-05-21 19:16:30.403255+00:00,babashka,1.12.218,110.621
2026-05-21 19:16:30.403255+00:00,jank,0.1-alpha,127.17
2026-05-22 06:00:29.417422+00:00,clojure,1.12.5.1638,24.56
2026-05-22 06:00:29.417422+00:00,babashka,1.12.218,110.33
2026-05-22 06:00:29.417422+00:00,jank,0.1-alpha,127.52
2026-05-23 06:00:57.079356+00:00,clojure,1.12.5.1645,24.291
2026-05-23 06:00:57.079356+00:00,babashka,1.12.218,110.72999999999999
2026-05-23 06:00:57.079356+00:00,jank,0.1-alpha,127.35
2026-05-24 06:00:40.365627+00:00,clojure,1.12.5.1645,24.682
2026-05-24 06:00:40.365627+00:00,babashka,1.12.218,110.63000000000001
2026-05-24 06:00:40.365627+00:00,jank,0.1-alpha,130.51
2026-05-25 06:01:16.495900+00:00,clojure,1.12.5.1645,24.61
2026-05-25 06:01:16.495900+00:00,babashka,1.12.218,109.149
2026-05-25 06:01:16.495900+00:00,jank,0.1-alpha,125.82
2026-05-26 06:00:38.115220+00:00,clojure,1.12.5.1645,25.076
2026-05-26 06:00:38.115220+00:00,babashka,1.12.218,110.30199999999999
2026-05-26 06:00:38.115220+00:00,jank,0.1-alpha,124.8
2026-05-29 02:47:22.498571+00:00,clojure,1.12.5.1645,24.51
2026-05-29 02:47:22.498571+00:00,babashka,1.12.218,110.645
2026-05-29 02:47:22.498571+00:00,jank,0.1-alpha,121.97482237000003
2026-05-29 03:05:40.641777+00:00,clojure,1.12.5.1645,24.126
2026-05-29 03:05:40.641777+00:00,babashka,1.12.218,110.564
2026-05-29 03:05:40.641777+00:00,jank,0.1-alpha,137.06947905
2026-05-29 06:00:31.794696+00:00,clojure,1.12.5.1645,24.562
2026-05-29 06:00:31.794696+00:00,babashka,1.12.218,109.85000000000001
2026-05-29 06:00:31.794696+00:00,jank,0.1-alpha,125.19302717
2026-05-30 06:00:30.653406+00:00,clojure,1.12.5.1645,23.972
2026-05-30 06:00:30.653406+00:00,babashka,1.12.218,109.652
2026-05-30 06:00:30.653406+00:00,jank,0.1-alpha,137.90590442999994
2026-05-31 06:00:25.788966+00:00,clojure,1.12.5.1645,24.101000000000003
2026-05-31 06:00:25.788966+00:00,babashka,1.12.218,110.42200000000001
2026-05-31 06:00:25.788966+00:00,jank,0.1-alpha,137.60560356999991
2026-06-01 06:30:33.658587+00:00,clojure,1.12.5.1645,24.753
2026-06-01 06:30:33.658587+00:00,babashka,1.12.218,110.351
2026-06-01 06:30:33.658587+00:00,jank,0.1-alpha,138.23973776000008
2026-06-02 06:30:47.190933+00:00,clojure,1.12.5.1654,24.465
2026-06-02 06:30:47.190933+00:00,babashka,1.12.218,110.77199999999999
2026-06-02 06:30:47.190933+00:00,jank,0.1-alpha,124.77893435000001
2026-06-03 06:30:28.373189+00:00,clojure,1.12.5.1654,25.108999999999998
2026-06-03 06:30:28.373189+00:00,babashka,1.12.218,109.847
2026-06-03 06:30:28.373189+00:00,jank,0.1-alpha,133.46275545
2026-06-04 06:30:28.673088+00:00,clojure,1.12.5.1654,23.899
2026-06-04 06:30:28.673088+00:00,babashka,1.12.218,109.97999999999999
2026-06-04 06:30:28.673088+00:00,jank,0.1-alpha,136.73144288000006
2026-06-05 06:30:35.356154+00:00,clojure,1.12.5.1654,23.967
2026-06-05 06:30:35.356154+00:00,babashka,1.12.218,109.641
2026-06-05 06:30:35.356154+00:00,jank,0.1-alpha,118.83819755
2026-06-06 06:30:33.928263+00:00,clojure,1.12.5.1654,24.823999999999998
2026-06-06 06:30:33.928263+00:00,babashka,1.12.218,110.687
2026-06-06 06:30:33.928263+00:00,jank,0.1-alpha,118.25466086
2026-06-07 06:30:28.238623+00:00,clojure,1.12.5.1654,23.811
2026-06-07 06:30:28.238623+00:00,babashka,1.12.218,110.441
2026-06-07 06:30:28.238623+00:00,jank,0.1-alpha,127.41196459999993
2026-06-08 06:31:23.626700+00:00,clojure,1.12.5.1654,24.215
2026-06-08 06:31:23.626700+00:00,babashka,1.12.218,109.64200000000001
2026-06-08 06:31:23.626700+00:00,jank,0.1-alpha,118.91201563000006
2026-06-09 06:30:28.538124+00:00,clojure,1.12.5.1654,23.191
2026-06-09 06:30:28.538124+00:00,babashka,1.12.218,109.531
2026-06-09 06:30:28.538124+00:00,jank,0.1-alpha,119.14232467999997
2026-06-10 06:30:33.261348+00:00,clojure,1.12.5.1654,25.409000000000002
2026-06-10 06:30:33.261348+00:00,babashka,1.12.218,110.03699999999999
2026-06-10 06:30:33.261348+00:00,jank,0.1-alpha,129.43416337
2026-06-11 06:30:28.647458+00:00,clojure,1.12.5.1654,23.938000000000002
2026-06-11 06:30:28.647458+00:00,babashka,1.12.218,109.994
2026-06-11 06:30:28.647458+00:00,jank,0.1-alpha,118.27156785000001
2026-06-12 06:30:38.168932+00:00,clojure,1.12.5.1654,24.031
2026-06-12 06:30:38.168932+00:00,babashka,1.12.218,110.269
2026-06-12 06:30:38.168932+00:00,jank,0.1-alpha,139.85055544999997
2026-06-13 06:30:28.278126+00:00,clojure,1.12.5.1654,24.822
2026-06-13 06:30:28.278126+00:00,babashka,1.12.218,111.044
2026-06-13 06:30:28.278126+00:00,jank,0.1-alpha,118.78172631999993
2026-06-14 06:30:28.189088+00:00,clojure,1.12.5.1654,24.61
2026-06-14 06:30:28.189088+00:00,babashka,1.12.218,110.318
2026-06-14 06:30:28.189088+00:00,jank,0.1-alpha,117.87287165
2026-06-15 06:31:16.933803+00:00,clojure,1.12.5.1654,24.352999999999998
2026-06-15 06:31:16.933803+00:00,babashka,1.12.218,110.607
2026-06-15 06:31:16.933803+00:00,jank,0.1-alpha,135.73034669999996
2026-06-16 06:30:28.920044+00:00,clojure,1.12.5.1654,24.861
2026-06-16 06:30:28.920044+00:00,babashka,1.12.218,109.38199999999999
2026-06-16 06:30:28.920044+00:00,jank,0.1-alpha,125.73837786999998
2026-06-17 06:30:42.096655+00:00,clojure,1.12.5.1654,24.567999999999998
2026-06-17 06:30:42.096655+00:00,babashka,1.12.218,110.051
2026-06-17 06:30:42.096655+00:00,jank,0.1-alpha,116.09910175000002
2026-06-18 06:30:39.200384+00:00,clojure,1.12.5.1654,25.343
2026-06-18 06:30:39.200384+00:00,babashka,1.12.218,109.742
2026-06-18 06:30:39.200384+00:00,jank,0.1-alpha,138.42404291000005
2026-06-19 06:30:34.118342+00:00,clojure,1.12.5.1654,24.423000000000002
2026-06-19 06:30:34.118342+00:00,babashka,1.12.218,110.726
2026-06-19 06:30:34.118342+00:00,jank,0.1-alpha,130.93427986
2026-06-20 06:30:31.446989+00:00,clojure,1.12.5.1654,23.480999999999998
2026-06-20 06:30:31.446989+00:00,babashka,1.12.218,109.881
2026-06-20 06:30:31.446989+00:00,jank,0.1-alpha,130.04770113
2026-06-21 06:30:43.724069+00:00,clojure,1.12.5.1654,23.865000000000002
2026-06-21 06:30:43.724069+00:00,babashka,1.12.218,110.937
2026-06-21 06:30:43.724069+00:00,jank,0.1-alpha,130.47723619999994
2026-06-22 06:31:16.473652+00:00,clojure,1.12.5.1654,24.326
2026-06-22 06:31:16.473652+00:00,babashka,1.12.218,110.053
2026-06-22 06:31:16.473652+00:00,jank,0.1-alpha,147.07136809999997
2026-06-23 06:30:35.236049+00:00,clojure,1.12.5.1654,24.098000000000003
2026-06-23 06:30:35.236049+00:00,babashka,1.12.218,110.717
2026-06-23 06:30:35.236049+00:00,jank,0.1-alpha,130.19032618000003
2026-06-24 06:30:34.372814+00:00,clojure,1.12.5.1654,25.961000000000002
2026-06-24 06:30:34.372814+00:00,babashka,1.12.218,110.83
2026-06-24 06:30:34.372814+00:00,jank,0.1-alpha,130.45517594999998
2026-06-25 06:30:35.230141+00:00,clojure,1.12.5.1654,24.311
2026-06-25 06:30:35.230141+00:00,babashka,1.12.218,110.886
2026-06-25 06:30:35.230141+00:00,jank,0.1-alpha,131.0687769899999
2026-06-26 06:30:35.217444+00:00,clojure,1.12.5.1654,24.766
2026-06-26 06:30:35.217444+00:00,babashka,1.12.218,110.46300000000001
2026-06-26 06:30:35.217444+00:00,jank,0.1-alpha,128.21607749999998
2026-06-27 06:31:09.831583+00:00,clojure,1.12.5.1654,23.699
2026-06-27 06:31:09.831583+00:00,babashka,1.12.218,111.903
2026-06-27 06:31:09.831583+00:00,jank,0.1-alpha,132.40948999999998
2026-06-28 06:30:34.911749+00:00,clojure,1.12.5.1654,24.226000000000003
2026-06-28 06:30:34.911749+00:00,babashka,1.12.218,112.61699999999999
2026-06-28 06:30:34.911749+00:00,jank,0.1-alpha,132.24876303
2026-06-29 06:31:35.766036+00:00,clojure,1.12.5.1654,24.476000000000003
2026-06-29 06:31:35.766036+00:00,babashka,1.12.218,113.28
2026-06-29 06:31:35.766036+00:00,jank,0.1-alpha,128.54496473999993
2026-06-30 06:30:45.851392+00:00,clojure,1.12.5.1654,24.410999999999998
2026-06-30 06:30:45.851392+00:00,babashka,1.12.218,113.178
2026-06-30 06:30:45.851392+00:00,jank,0.1-alpha,130.87015513999995
2026-07-01 06:30:34.770805+00:00,clojure,1.12.5.1654,24.078
2026-07-01 06:30:34.770805+00:00,babashka,1.12.218,113.743
2026-07-01 06:30:34.770805+00:00,jank,0.1-alpha,131.60278095000007
2026-07-02 06:30:34.977803+00:00,clojure,1.12.5.1654,24.819
2026-07-02 06:30:34.977803+00:00,babashka,1.12.218,113.25399999999999
2026-07-02 06:30:34.977803+00:00,jank,0.1-alpha,132.2269397
2026-07-03 06:30:34.903751+00:00,clojure,1.12.5.1654,24.317999999999998
2026-07-03 06:30:34.903751+00:00,babashka,1.12.218,112.871
2026-07-03 06:30:34.903751+00:00,jank,0.1-alpha,130.04343092
2026-07-04 06:30:43.741721+00:00,clojure,1.12.5.1654,24.316999999999997
2026-07-04 06:30:43.741721+00:00,babashka,1.12.218,113.79899999999999
2026-07-04 06:30:43.741721+00:00,jank,0.1-alpha,128.39607621999994
2026-07-05 06:30:34.139127+00:00,clojure,1.12.5.1654,23.55
2026-07-05 06:30:34.139127+00:00,babashka,1.12.218,113.96100000000001
2026-07-05 06:30:34.139127+00:00,jank,0.1-alpha,129.1749198
2026-07-06 06:32:05.630291+00:00,clojure,1.12.5.1654,24.437
2026-07-06 06:32:05.630291+00:00,babashka,1.12.218,111.731
2026-07-06 06:32:05.630291+00:00,jank,0.1-alpha,130.25493683000002
